name,POS,Team,Games,Min,FG%,FGM,FGA,FT%,FTM,FTA,3PM,PTS,TREB,AST,STL,BLK,TO
Nikola Jokic,"PF,C",DEN,77,35.1,0.565,10.6,18.8,0.868,5.2,6.0,1.3,27.8,11.0,7.9,1.3,0.7,3.1
James Harden,"PG,SG",BKN,75,35.5,0.469,7.6,16.2,0.8690000000000001,5.9,6.8,2.7,23.8,8.0,10.5,1.2,0.8,3.9
Stephen Curry,"PG,SG",GSW,73,34.0,0.476,10.0,21.1,0.916,5.6,6.1,5.0,30.7,5.5,5.8,1.2,0.1,3.4
Kevin Durant,"SF,PF",BKN,68,33.1,0.529,9.0,17.0,0.882,6.0,6.8,2.3,26.3,7.1,5.0,0.7,1.3,3.4
Damian Lillard,PG,POR,76,34.8,0.452,8.8,19.3,0.93,6.5,7.0,4.0,27.9,4.1,7.3,0.9,0.3,2.9
Karl-Anthony Towns,C,MIN,72,33.9,0.486,8.5,17.6,0.855,5.3,6.2,2.4,24.8,10.6,4.5,0.8,1.3,3.2
Bradley Beal,"SG,SF",WAS,73,34.6,0.467,11.3,24.1,0.878,6.8,7.8,2.6,32.0,4.7,5.8,1.2,0.4,3.1
Jayson Tatum,"SF,PF",BOS,76,35.1,0.467,9.7,20.7,0.8640000000000001,4.8,5.5,3.0,27.1,7.4,4.6,1.2,0.5,2.7
Joel Embiid,"PF,C",PHI,65,30.4,0.498,8.4,16.9,0.8220000000000001,8.3,10.0,1.1,26.2,10.1,2.7,1.0,1.3,3.0
Giannis Antetokounmpo,"PF,C",MIL,74,33.0,0.5720000000000001,10.3,18.0,0.684,6.5,9.5,1.1,28.0,11.0,5.9,1.2,1.2,3.4
Paul George,"SF,PF",LAC,74,34.0,0.461,8.9,19.2,0.882,3.8,4.3,3.5,25.1,6.8,5.4,1.1,0.4,3.4
Luka Doncic,"PG,SG",DAL,75,34.1,0.478,10.0,20.9,0.742,5.3,7.2,3.0,28.3,8.2,8.8,1.0,0.5,4.4
Anthony Davis,"PF,C",LAL,69,32.6,0.499,9.0,18.0,0.7709999999999999,4.2,5.5,0.9,23.1,8.8,2.0,1.3,2.0,2.0
Kyrie Irving,"PG,SG",BKN,65,34.1,0.4920000000000001,9.2,18.7,0.903,2.6,2.9,2.7,23.8,3.9,5.4,1.3,0.5,2.6
Trae Young,PG,ATL,78,33.2,0.441,7.9,17.8,0.889,6.6,7.4,2.4,24.7,3.8,9.5,0.8,0.2,4.0
Fred VanVleet,"PG,SG",TOR,70,34.8,0.402,6.8,16.9,0.892,3.1,3.5,3.4,20.2,4.0,6.0,1.6,0.7,1.7
Bam Adebayo,"PF,C",MIA,76,33.6,0.568,7.1,12.5,0.799,4.4,5.5,0.0,18.7,8.9,4.1,1.2,1.0,2.6
Domantas Sabonis,"PF,C",IND,72,35.3,0.534,7.6,14.3,0.736,3.8,5.2,0.8,19.9,11.6,6.4,1.2,0.5,3.3
Jimmy Butler,"SF,PF",MIA,72,32.8,0.4920000000000001,6.7,13.7,0.8640000000000001,6.6,7.6,0.5,20.5,5.4,4.3,1.7,0.3,2.0
Shai Gilgeous-Alexander,"PG,SG",OKC,70,34.1,0.51,8.3,16.3,0.815,5.4,6.6,2.0,24.0,4.9,6.0,0.8,0.7,3.0
Nikola Vucevic,C,CHI,76,32.8,0.472,8.4,17.8,0.86,1.9,2.2,2.0,20.7,11.1,2.9,0.9,0.8,1.8
LeBron James,"PG,SG,SF",LAL,74,32.4,0.514,9.1,17.7,0.7020000000000001,3.9,5.5,2.2,24.3,7.4,7.3,1.1,0.6,3.6
Chris Paul,PG,PHX,72,30.4,0.486,6.0,12.4,0.922,2.4,2.6,1.5,15.9,4.4,8.6,1.3,0.3,2.2
Zach LaVine,"SG,SF",CHI,72,34.0,0.491,9.3,19.0,0.843,4.0,4.8,3.3,26.0,4.6,4.1,0.8,0.5,3.3
LaMelo Ball,"PG,SG",CHA,73,32.8,0.445,6.9,15.4,0.774,2.9,3.7,2.1,18.6,6.7,7.0,1.8,0.5,3.2
Zion Williamson,PF,NOP,72,33.8,0.613,11.0,17.9,0.701,6.4,9.1,0.2,28.6,7.6,4.3,1.0,0.7,2.8
Michael Porter Jr.,"SF,PF",DEN,67,32.5,0.516,7.9,15.3,0.816,2.0,2.4,3.0,20.8,7.9,1.2,0.7,0.9,1.4
Jrue Holiday,"PG,SG",MIL,72,32.1,0.5,6.9,13.9,0.7809999999999999,1.8,2.3,1.9,17.5,4.5,6.0,1.6,0.6,2.2
Jaren Jackson Jr.,"PF,C",MEM,70,31.4,0.468,5.9,12.7,0.8109999999999999,4.0,4.9,2.0,17.8,6.9,1.4,1.1,1.8,1.9
Richaun Holmes,"PF,C",SAC,72,31.2,0.637,6.3,10.0,0.785,2.3,3.0,0.0,15.0,8.8,1.8,0.6,1.7,1.3
Rudy Gobert,C,UTA,76,30.9,0.6709999999999999,5.5,8.2,0.622,3.3,5.3,0.0,14.4,13.5,1.3,0.6,2.7,1.7
Tobias Harris,"SF,PF",PHI,75,32.5,0.51,7.6,14.9,0.878,2.9,3.3,1.3,19.4,6.8,3.5,0.9,0.8,1.7
Donovan Mitchell,"PG,SG",UTA,72,33.4,0.441,9.1,20.7,0.8340000000000001,5.0,6.0,3.4,26.6,4.4,5.5,1.0,0.3,2.8
Myles Turner,"PF,C",IND,72,30.6,0.478,4.3,9.1,0.759,2.2,3.0,1.5,12.4,6.4,1.0,0.9,3.0,1.4
Kristaps Porzingis,"PF,C",DAL,69,30.9,0.451,7.9,17.5,0.856,2.8,3.3,2.4,21.0,9.3,1.7,0.5,1.5,1.2
Jaylen Brown,"SG,SF",BOS,72,34.1,0.483,9.2,19.0,0.768,3.7,4.8,2.9,24.9,5.9,3.4,1.2,0.6,2.7
Brandon Ingram,"SF,PF",NOP,73,34.5,0.464,8.5,18.2,0.8690000000000001,4.6,5.3,2.3,23.9,4.9,4.9,0.7,0.6,2.5
Julius Randle,"PF,C",NYK,77,36.4,0.463,7.8,16.8,0.816,4.7,5.8,2.2,22.5,9.8,4.8,0.9,0.3,3.3
Jusuf Nurkic,C,POR,70,31.1,0.512,6.0,11.7,0.7140000000000001,2.5,3.5,0.4,14.8,10.5,4.4,1.1,1.5,2.6
Deandre Ayton,C,PHX,76,31.8,0.617,6.8,10.9,0.772,2.0,2.6,0.2,15.6,10.9,1.5,0.6,1.2,1.6
Clint Capela,C,ATL,75,31.5,0.586,6.5,11.0,0.5820000000000001,2.0,3.4,0.0,14.9,14.9,0.8,0.7,2.1,1.3
Khris Middleton,"SF,PF",MIL,75,33.1,0.474,7.4,15.7,0.885,3.1,3.5,2.2,20.2,6.0,5.4,1.1,0.1,2.6
Devin Booker,"SG,SF",PHX,76,34.6,0.484,9.5,19.5,0.865,5.2,6.0,1.9,26.1,4.3,4.4,0.8,0.2,3.2
Tyrese Haliburton,"PG,SG",SAC,72,32.1,0.472,6.1,13.0,0.884,1.0,1.1,2.5,15.8,3.2,5.6,1.4,0.5,1.7
OG Anunoby,"SF,PF",TOR,70,33.9,0.473,6.2,13.1,0.789,2.1,2.7,2.7,17.2,5.6,2.2,1.5,0.7,1.7
Robert Williams,C,BOS,68,23.5,0.695,4.2,6.0,0.636,1.1,1.7,0.0,9.5,8.0,2.1,0.9,2.0,1.2
CJ McCollum,"PG,SG",POR,72,33.5,0.457,8.5,18.5,0.8220000000000001,2.3,2.8,3.5,22.7,3.8,4.6,0.9,0.4,1.4
Lonzo Ball,"PG,SG",CHI,70,33.1,0.42,5.4,12.8,0.777,0.9,1.2,3.0,14.7,4.9,5.9,1.5,0.6,2.3
Draymond Green,"PF,C",GSW,72,32.7,0.449,2.8,6.2,0.797,1.1,1.4,0.5,7.3,7.5,7.9,1.6,0.8,3.1
John Collins,"PF,C",ATL,75,30.2,0.575,6.7,11.7,0.8340000000000001,2.7,3.2,1.3,17.4,7.3,1.2,0.5,1.0,1.3
Gordon Hayward,"SG,SF",CHA,68,33.1,0.473,6.9,14.6,0.858,3.5,4.1,1.9,19.2,5.7,4.0,1.2,0.3,2.1
Pascal Siakam,"PF,C",TOR,59,34.5,0.454,7.5,16.5,0.8320000000000001,4.3,5.2,1.3,20.6,6.9,4.3,1.1,0.7,2.2
Derrick White,"PG,SG",SAS,69,33.0,0.44,6.7,15.3,0.843,3.0,3.6,2.6,19.1,3.4,4.4,1.0,1.0,1.5
De'Aaron Fox,PG,SAC,73,34.7,0.475,9.5,20.0,0.722,5.2,7.2,1.8,26.0,3.5,7.2,1.5,0.5,3.0
Dejounte Murray,"PG,SG",SAS,74,33.4,0.455,6.9,15.1,0.799,1.7,2.1,0.9,16.4,7.4,6.8,1.6,0.1,1.8
Mike Conley,PG,UTA,68,29.5,0.445,5.5,12.4,0.858,2.4,2.8,2.7,16.0,3.3,5.9,1.3,0.2,1.9
Malcolm Brogdon,"PG,SG",IND,71,34.1,0.445,7.5,16.8,0.845,2.7,3.2,2.5,20.1,5.1,5.8,0.9,0.3,2.1
Jakob Poeltl,C,SAS,77,31.3,0.603,4.4,7.4,0.583,1.1,1.8,0.0,9.9,9.4,2.2,0.8,2.1,1.4
Terry Rozier,"PG,SG",CHA,75,34.1,0.441,7.1,16.2,0.8290000000000001,2.4,2.9,3.0,19.6,4.3,4.1,1.2,0.4,1.9
Mikal Bridges,"SG,SF",PHX,78,32.8,0.5379999999999999,5.0,9.3,0.8290000000000001,1.5,1.8,1.9,13.5,4.3,2.1,1.1,0.9,0.8
Caris LeVert,"SG,SF",IND,68,31.2,0.44,7.4,16.9,0.8140000000000001,3.0,3.7,1.8,19.6,4.5,5.1,1.4,0.6,2.2
Kyle Lowry,PG,MIA,72,32.1,0.438,5.2,12.0,0.857,2.8,3.2,2.7,15.9,4.8,6.4,0.9,0.3,2.5
Bogdan Bogdanovic,"SF,PF",ATL,68,29.6,0.476,6.1,12.8,0.9,0.9,1.0,3.3,16.3,3.6,3.3,1.1,0.3,1.2
Jonas Valanciunas,C,NOP,73,29.4,0.574,6.2,10.8,0.7759999999999999,2.4,3.0,0.3,15.1,10.8,1.8,0.5,0.9,1.6
Darius Garland,PG,CLE,70,33.7,0.457,7.7,16.9,0.872,2.2,2.5,2.2,19.9,2.5,6.4,1.3,0.1,3.1
Russell Westbrook,PG,LAL,76,34.1,0.468,7.3,15.6,0.706,3.6,5.0,1.1,19.3,8.2,7.9,1.2,0.3,3.9
Ja Morant,PG,MEM,73,33.6,0.466,7.6,16.3,0.769,4.5,5.9,1.4,21.2,4.5,7.9,1.0,0.3,3.3
Collin Sexton,"PG,SG",CLE,73,35.4,0.474,8.6,18.1,0.82,5.2,6.4,1.6,23.9,3.2,4.2,1.1,0.2,2.8
Kemba Walker,PG,NYK,67,30.1,0.421,6.3,14.9,0.885,2.9,3.3,2.8,18.3,3.8,4.6,1.0,0.3,1.9
Anthony Edwards,"SG,SF",MIN,77,34.5,0.436,7.9,18.0,0.789,3.2,4.1,2.6,21.5,4.9,3.5,1.2,0.5,2.4
Isaiah Stewart,"PF,C",DET,75,30.1,0.5429999999999999,4.6,8.5,0.732,1.4,1.9,0.4,11.1,9.1,1.3,0.8,1.6,1.4
Kawhi Leonard,"SG,SF",LAC,10,25.1,0.474,6.4,13.5,0.8340000000000001,3.6,4.3,1.4,17.8,4.7,3.7,1.2,0.3,1.7
Jerami Grant,"SF,PF",DET,72,32.4,0.44,6.4,14.4,0.843,5.2,6.1,2.0,19.9,4.4,2.7,0.6,1.1,1.9
Christian Wood,"PF,C",HOU,70,32.5,0.513,7.6,14.9,0.6459999999999999,3.0,4.6,1.8,20.0,9.3,1.6,0.8,1.1,1.9
Jarrett Allen,C,CLE,74,31.4,0.611,5.0,8.2,0.695,3.4,4.9,0.1,13.6,10.6,1.8,0.5,1.5,1.7
PJ Washington,"PF,C",CHA,74,30.5,0.447,4.8,10.7,0.753,1.8,2.4,1.8,13.1,6.6,2.5,1.1,1.2,2.0
Robert Covington,"PF,C",POR,76,32.0,0.423,3.5,8.2,0.778,0.7,0.9,2.0,9.7,6.7,1.7,1.4,1.0,0.9
DeMar DeRozan,"SF,PF",CHI,76,32.2,0.501,7.0,14.0,0.8740000000000001,5.4,6.2,0.3,19.7,3.7,3.9,0.8,0.2,1.7
Derrick Favors,C,OKC,64,27.1,0.613,4.0,6.5,0.75,1.5,2.0,0.0,9.5,9.4,1.0,0.9,1.2,0.9
Chris Boucher,"PF,C",TOR,72,26.1,0.512,4.4,8.5,0.78,2.3,2.9,1.4,12.4,6.2,1.0,0.5,1.7,0.7
Marcus Smart,"PG,SG",BOS,70,32.0,0.415,4.4,10.6,0.794,2.6,3.3,1.9,13.4,3.4,5.8,1.5,0.5,1.9
Ben Simmons,PG,PHI,71,32.5,0.5539999999999999,5.6,10.1,0.612,3.0,4.9,0.1,14.3,7.2,7.0,1.6,0.6,3.0
Mitchell Robinson,C,NYK,71,27.1,0.6409999999999999,3.9,6.1,0.5529999999999999,1.0,1.8,0.0,8.8,8.2,0.5,1.1,1.7,0.9
Nickeil Alexander-Walker,"SG,SF",NOP,71,28.5,0.4370000000000001,5.9,13.4,0.765,1.4,1.8,2.4,15.5,4.2,3.0,1.4,0.7,2.0
Kyle Anderson,"SF,PF",MEM,75,26.5,0.473,4.4,9.2,0.778,2.0,2.6,1.4,12.0,5.5,3.5,1.2,0.8,1.2
D'Angelo Russell,"PG,SG",MIN,70,30.2,0.4320000000000001,7.1,16.3,0.7509999999999999,2.8,3.8,3.0,20.0,2.8,6.1,1.1,0.4,2.8
Jamal Murray,"PG,SG",DEN,19,28.1,0.466,6.2,13.4,0.8740000000000001,2.2,2.5,2.1,16.8,3.2,3.8,1.0,0.2,1.7
Cade Cunningham,"PG,SG",DET,74,31.7,0.426,5.8,13.6,0.841,2.9,3.5,1.9,16.4,4.8,3.7,1.2,0.6,3.5
Jonathan Isaac,"SF,PF",ORL,60,28.8,0.451,4.0,8.8,0.7659999999999999,1.4,1.9,0.9,10.3,5.4,1.1,1.3,1.7,1.1
Evan Fournier,"SG,SF",NYK,70,31.0,0.453,5.5,12.1,0.807,2.6,3.2,2.8,16.4,3.0,3.0,1.1,0.5,1.7
Norman Powell,"SG,SF",POR,75,32.1,0.467,6.0,12.9,0.87,3.3,3.8,2.4,17.7,3.0,1.8,1.0,0.3,1.7
Kevin Porter Jr.,"SG,SF",HOU,70,33.1,0.4370000000000001,6.6,15.1,0.752,2.6,3.5,2.1,17.9,4.2,6.5,1.2,0.4,3.3
Buddy Hield,"SG,SF",SAC,76,33.3,0.418,5.5,13.2,0.8009999999999999,1.2,1.5,3.9,16.1,4.6,3.5,0.9,0.4,1.8
Harrison Barnes,"SF,PF",SAC,72,35.1,0.496,5.3,10.7,0.831,3.3,4.0,1.6,15.6,6.4,3.4,0.7,0.2,1.6
T.J. McConnell,"PG,SG",IND,76,23.7,0.564,3.7,6.5,0.7190000000000001,0.5,0.6,0.2,7.8,3.4,6.0,1.7,0.3,1.8
Brook Lopez,C,MIL,75,27.1,0.506,4.6,9.0,0.8490000000000001,1.7,2.0,1.4,12.2,5.0,0.7,0.6,1.5,0.9
Kelly Olynyk,"PF,C",DET,73,27.2,0.46,4.2,9.0,0.841,2.0,2.3,1.7,11.9,6.4,2.7,1.0,0.6,1.7
Spencer Dinwiddie,"PG,SG",WAS,69,30.7,0.429,5.9,13.8,0.797,3.6,4.5,2.0,17.4,3.9,6.8,0.8,0.3,3.0
Miles Bridges,"SF,PF",CHA,77,28.4,0.5,4.5,9.1,0.884,1.5,1.6,1.7,12.3,5.8,2.1,0.6,0.8,1.6
Reggie Jackson,"PG,SG",LAC,75,30.2,0.441,5.6,12.6,0.831,1.4,1.7,2.6,15.2,4.1,5.1,0.9,0.1,1.6
Nerlens Noel,"PF,C",NYK,70,23.1,0.599,2.0,3.3,0.7240000000000001,0.8,1.1,0.0,4.8,6.1,0.7,1.1,2.0,1.0
Saddiq Bey,SF,DET,76,33.5,0.422,5.2,12.3,0.855,2.2,2.6,3.1,15.8,5.6,1.8,0.9,0.3,1.1
Jalen Suggs,"PG,SG",ORL,73,31.2,0.441,6.0,13.6,0.753,1.9,2.5,1.4,15.3,4.3,5.4,1.4,0.3,2.9
Andrew Wiggins,"SG,SF",GSW,75,32.1,0.476,6.8,14.3,0.706,2.3,3.3,1.9,17.9,4.7,2.3,0.9,1.0,1.7
De'Andre Hunter,"SF,PF",ATL,70,29.4,0.476,5.2,10.8,0.8640000000000001,3.2,3.7,1.4,14.9,4.8,1.9,0.8,0.5,1.3
Mason Plumlee,"PF,C",CHA,68,28.1,0.616,4.1,6.6,0.66,1.9,2.9,0.0,10.0,9.0,3.5,0.8,0.9,1.8
Keldon Johnson,"SF,PF",SAS,74,31.2,0.474,6.4,13.4,0.7490000000000001,2.3,3.1,1.4,16.4,6.5,2.2,1.0,0.4,1.2
Evan Mobley,C,CLE,73,28.5,0.475,4.8,10.0,0.706,2.0,2.8,0.6,12.1,7.5,1.9,0.7,1.7,2.0
Jordan Clarkson,"PG,SG",UTA,74,26.7,0.424,6.7,15.7,0.904,1.9,2.1,3.1,18.3,4.0,2.5,0.9,0.1,1.7
Bobby Portis,"PF,C",MIL,75,25.2,0.516,5.2,10.0,0.7440000000000001,0.9,1.2,1.2,12.5,7.8,1.2,0.9,0.4,0.9
Joe Ingles,"SG,SF",UTA,74,27.1,0.488,4.0,8.2,0.8490000000000001,1.1,1.3,2.6,11.8,3.5,4.7,0.7,0.2,1.7
Chuma Okeke,PF,ORL,68,30.1,0.4320000000000001,4.0,9.2,0.769,0.9,1.2,1.4,10.3,5.1,2.8,1.4,0.6,1.0
Joe Harris,"SG,SF",BKN,78,31.2,0.505,5.2,10.3,0.778,0.7,0.9,3.1,14.3,3.6,1.9,0.7,0.2,0.9
Klay Thompson,"SG,SF",GSW,45,26.8,0.46,6.7,14.6,0.816,1.3,1.6,2.8,17.5,3.0,1.8,0.8,0.5,1.1
Daniel Gafford,C,WAS,69,20.2,0.691,3.9,5.7,0.652,1.8,2.7,0.0,9.6,5.7,0.7,0.7,1.8,1.1
Jae'Sean Tate,"SF,PF",HOU,76,30.1,0.506,4.6,9.2,0.718,1.6,2.2,0.9,11.7,5.5,2.6,1.2,0.5,1.4
De'Anthony Melton,"PG,SG",MEM,70,22.8,0.434,3.7,8.6,0.7959999999999999,0.9,1.1,1.9,10.3,3.5,2.8,1.2,0.7,1.5
Danny Green,"SG,SF",PHI,74,28.2,0.417,3.3,7.9,0.833,0.5,0.6,2.4,9.5,3.8,1.7,1.2,0.7,1.0
Ivica Zubac,C,LAC,79,22.9,0.655,3.9,5.9,0.79,2.0,2.6,0.0,9.8,7.7,1.4,0.3,1.0,1.2
Khem Birch,"PF,C",TOR,74,29.8,0.499,3.8,7.7,0.715,1.8,2.6,0.3,9.8,7.6,1.7,0.9,1.2,0.9
Wendell Carter Jr.,C,ORL,67,28.8,0.507,4.7,9.3,0.725,2.6,3.6,0.3,12.4,9.0,2.1,0.7,0.9,1.5
Mo Bamba,C,ORL,68,22.5,0.476,3.7,7.8,0.708,1.2,1.7,1.0,9.6,7.0,1.0,0.4,1.8,1.0
Dennis Schroder,PG,BOS,74,29.4,0.4320000000000001,5.0,11.5,0.85,3.1,3.7,1.1,14.1,3.2,5.3,1.0,0.2,2.5
Devonte' Graham,"PG,SG",NOP,70,30.0,0.377,4.6,12.1,0.826,2.4,2.9,3.2,14.7,2.7,5.4,0.9,0.1,1.5
Al Horford,"PF,C",BOS,68,24.8,0.459,4.1,8.9,0.818,0.9,1.1,1.3,10.3,5.4,3.0,0.7,0.7,0.8
Larry Nance Jr.,"PF,C",POR,68,27.1,0.474,3.2,6.7,0.645,0.8,1.2,1.0,8.0,5.8,2.7,1.5,0.4,1.4
Matisse Thybulle,"SG,SF",PHI,74,24.6,0.438,2.5,5.6,0.5710000000000001,0.2,0.4,0.9,6.0,2.2,1.2,1.7,1.3,0.6
Jalen Green,SG,HOU,73,31.8,0.435,6.5,14.9,0.789,2.0,2.5,2.4,17.4,3.6,2.4,1.2,0.2,2.7
Will Barton,"SG,SF",DEN,70,32.5,0.434,5.8,13.4,0.7909999999999999,1.8,2.3,1.9,15.3,4.2,3.3,0.9,0.4,1.8
Thomas Bryant,C,WAS,38,25.2,0.647,5.3,8.2,0.664,1.4,2.2,0.8,12.9,5.5,1.4,0.4,0.7,1.0
RJ Barrett,"SG,SF",NYK,75,34.4,0.447,6.9,15.5,0.763,3.0,3.9,1.8,18.6,5.9,3.1,0.7,0.3,2.0
Montrezl Harrell,"PF,C",WAS,68,25.0,0.593,5.4,9.2,0.703,2.8,4.0,0.0,13.7,6.7,1.2,0.8,0.8,1.2
Aleksej Pokusevski,SF,OKC,70,27.3,0.433,5.0,11.5,0.7659999999999999,1.1,1.4,2.0,13.1,5.7,2.6,0.5,1.1,2.6
Thaddeus Young,"PF,C",SAS,70,22.1,0.551,4.9,8.9,0.5870000000000001,0.9,1.6,0.2,11.0,5.6,3.9,1.0,0.6,1.8
Dillon Brooks,"SG,SF",MEM,74,29.6,0.422,6.5,15.3,0.826,2.4,2.9,1.9,17.1,2.9,2.3,1.2,0.4,1.8
Derrick Rose,"PG,SG",NYK,65,23.2,0.467,5.2,11.1,0.877,2.0,2.3,0.9,13.3,2.4,3.8,0.9,0.4,1.5
Malik Beasley,"PG,SG",MIN,71,28.5,0.438,6.2,14.0,0.8170000000000001,1.6,1.9,3.0,16.9,3.8,2.1,0.7,0.2,1.4
Terrence Ross,"SG,SF",ORL,68,28.4,0.41,5.3,12.9,0.866,2.5,2.9,1.8,15.1,3.4,2.3,1.0,0.5,1.6
Jordan Poole,"PG,SG",GSW,72,23.9,0.442,5.0,11.2,0.897,2.6,2.9,2.4,14.9,2.2,2.4,0.6,0.3,1.2
Facundo Campazzo,PG,DEN,73,26.1,0.394,2.3,5.7,0.856,1.4,1.7,1.4,7.4,2.4,4.3,1.4,0.2,1.3
Bojan Bogdanovic,"SF,PF",UTA,78,30.7,0.434,5.6,12.9,0.8640000000000001,3.2,3.7,2.5,16.9,3.9,1.9,0.6,0.1,1.8
Royce O'Neale,"SF,PF",UTA,75,31.4,0.446,2.5,5.6,0.857,0.6,0.7,1.5,7.0,6.8,2.5,0.8,0.5,1.2
Victor Oladipo,"SG,SF",MIA,35,26.5,0.422,5.5,13.1,0.763,2.5,3.3,1.9,15.5,3.9,3.7,1.1,0.3,2.0
Duncan Robinson,"SG,SF",MIA,80,30.0,0.44,4.2,9.5,0.905,0.9,1.0,3.3,12.5,3.3,1.7,0.6,0.3,1.1
Danilo Gallinari,"SF,PF",ATL,65,22.6,0.43,3.8,8.8,0.941,3.0,3.2,1.9,12.5,4.0,1.4,0.6,0.2,0.8
Tim Hardaway Jr.,"SG,SF",DAL,77,30.2,0.446,6.2,13.8,0.8009999999999999,2.1,2.7,3.2,17.7,3.5,1.9,0.4,0.2,1.0
Serge Ibaka,"PF,C",LAC,64,22.0,0.505,4.2,8.4,0.8440000000000001,1.0,1.2,0.9,10.4,6.3,1.7,0.2,1.0,1.0
Brandon Clarke,"SF,PF",MEM,70,24.0,0.511,4.3,8.4,0.6829999999999999,1.3,1.9,0.3,10.3,5.6,1.6,1.0,0.9,0.6
Alperen Sengun,C,HOU,70,20.8,0.531,4.1,7.8,0.7959999999999999,1.7,2.1,0.5,10.5,6.4,1.2,0.6,0.9,1.9
Lauri Markkanen,"PF,C",CLE,68,27.4,0.477,4.9,10.3,0.8340000000000001,1.5,1.8,2.2,13.6,5.3,0.9,0.5,0.3,1.0
Terance Mann,SF,LAC,76,25.7,0.483,4.2,8.6,0.856,1.9,2.2,1.0,11.2,5.5,2.5,0.6,0.3,0.9
Cameron Payne,"PG,SG",PHX,72,20.5,0.486,3.7,7.7,0.877,0.9,1.1,1.4,9.8,2.8,4.2,0.7,0.4,1.2
Donte DiVincenzo,"PG,SG",MIL,60,26.9,0.421,3.7,8.8,0.7290000000000001,0.8,1.1,2.0,10.1,5.6,3.0,1.1,0.2,1.4
Tyler Herro,PG,MIA,70,27.0,0.443,5.5,12.5,0.8170000000000001,1.7,2.1,1.9,14.7,4.8,3.3,0.6,0.3,1.8
T.J. Warren,"SF,PF",IND,40,29.2,0.525,6.8,13.0,0.802,1.9,2.4,1.1,16.7,3.4,1.3,0.5,0.4,1.1
Dorian Finney-Smith,"SF,PF",DAL,75,28.1,0.475,3.5,7.3,0.77,0.5,0.6,1.9,9.3,5.1,1.6,0.8,0.4,0.8
Marcus Morris Sr.,"PF,C",LAC,71,26.9,0.465,4.9,10.5,0.8109999999999999,1.3,1.6,2.6,13.7,4.2,1.0,0.6,0.3,1.0
Seth Curry,"PG,SG",PHI,70,29.2,0.464,4.6,9.8,0.8590000000000001,1.2,1.4,2.2,12.7,2.4,2.7,0.8,0.1,1.1
Markelle Fultz,"PG,SG",ORL,46,27.3,0.428,5.1,12.0,0.8759999999999999,2.1,2.4,0.5,12.9,3.1,5.4,0.9,0.3,2.3
Kyle Kuzma,"SF,PF",WAS,74,28.1,0.445,5.8,13.0,0.715,1.0,1.4,2.1,14.6,6.1,1.9,0.5,0.6,1.7
LaMarcus Aldridge,"PF,C",BKN,55,21.6,0.493,4.5,9.1,0.83,1.8,2.2,0.7,11.5,4.5,1.5,0.4,1.0,0.9
Isaiah Roby,C,OKC,72,24.2,0.479,3.8,7.9,0.7390000000000001,1.6,2.1,0.6,9.7,6.2,2.0,1.0,0.7,2.1
Daniel Theis,"PF,C",HOU,70,25.2,0.542,4.0,7.3,0.6509999999999999,1.1,1.7,0.8,9.8,5.6,1.7,0.6,0.9,1.0
Ricky Rubio,PG,CLE,70,22.5,0.383,2.4,6.3,0.863,1.6,1.9,0.9,7.4,2.8,5.5,1.3,0.1,1.4
Nicolas Batum,"SF,PF",LAC,71,25.1,0.468,2.7,5.7,0.78,0.6,0.8,1.5,7.4,4.3,2.0,0.9,0.6,0.7
Jeremy Lamb,"SG,SF",IND,60,20.4,0.429,3.2,7.4,0.8640000000000001,1.9,2.2,1.3,9.6,3.5,1.4,0.9,0.7,0.6
Josh Hart,"SG,SF",NOP,67,27.0,0.439,3.0,6.8,0.792,1.4,1.8,1.2,8.6,7.5,2.2,0.8,0.3,1.0
Jae Crowder,"SF,PF",PHX,72,27.4,0.403,3.3,8.1,0.767,1.0,1.3,2.5,10.0,4.7,2.1,0.8,0.4,0.9
Patrick Williams,"SF,PF",CHI,78,30.2,0.487,3.9,7.9,0.732,1.4,1.9,0.9,10.0,4.9,1.5,1.0,0.6,1.5
Aaron Gordon,"SF,PF",DEN,72,31.7,0.464,5.0,10.7,0.6409999999999999,2.1,3.2,1.3,13.3,6.1,3.1,0.8,0.8,2.1
Goran Dragic,"PG,SG",TOR,64,26.4,0.433,4.7,10.9,0.835,2.0,2.4,1.8,13.2,3.3,4.3,0.7,0.1,2.4
Marvin Bagley III,"PF,C",SAC,62,26.7,0.501,5.7,11.4,0.7020000000000001,1.8,2.6,0.9,14.2,7.4,1.0,0.5,0.5,1.4
Cole Anthony,PG,ORL,72,25.9,0.422,4.5,10.7,0.821,2.2,2.7,1.2,12.4,4.5,3.9,0.7,0.4,2.2
Josh Giddey,"PG,SG",OKC,68,27.8,0.408,3.9,9.5,0.664,0.9,1.3,1.0,9.6,6.3,4.0,1.1,0.5,2.8
Talen Horton-Tucker,"SG,SF",LAL,76,22.2,0.467,4.2,8.9,0.748,1.8,2.4,0.7,10.8,3.1,3.3,1.2,0.4,1.9
Eric Bledsoe,"PG,SG",LAC,76,28.1,0.421,4.5,10.7,0.715,2.0,2.8,1.8,12.7,3.6,4.0,1.0,0.3,1.7
Coby White,"PG,SG",CHI,62,25.6,0.418,4.7,11.1,0.906,1.6,1.8,2.1,13.0,3.3,3.7,0.5,0.2,2.0
Killian Hayes,"PG,SG",DET,70,29.4,0.381,4.1,10.7,0.831,1.6,1.9,0.9,10.6,3.0,6.0,1.1,0.5,3.6
John Wall,PG,HOU,26,22.1,0.422,4.9,11.6,0.758,2.7,3.6,1.3,13.8,2.2,4.9,0.9,0.6,2.4
Andre Drummond,C,PHI,74,20.6,0.522,4.2,8.0,0.597,1.9,3.1,0.0,10.2,8.4,1.4,0.9,1.0,1.5
Jaden McDaniels,PF,MIN,75,27.9,0.449,3.0,6.8,0.65,0.7,1.0,1.3,8.0,4.3,1.3,0.7,1.2,0.8
Jalen Brunson,"PG,SG",DAL,72,24.0,0.522,4.6,8.8,0.82,1.7,2.1,1.2,12.1,3.3,3.4,0.5,0.0,1.2
Devin Vassell,SG,SAS,75,22.1,0.431,3.0,7.0,0.883,1.0,1.1,1.4,8.4,3.9,1.3,1.0,0.4,0.6
Rui Hachimura,"SF,PF",WAS,73,31.0,0.473,5.5,11.6,0.7859999999999999,2.2,2.9,0.8,14.0,5.6,1.4,0.8,0.1,1.2
Desmond Bane,"PG,SG",MEM,73,25.2,0.46,3.9,8.5,0.841,0.7,0.8,2.0,10.5,3.6,2.0,0.7,0.2,1.1
Monte Morris,"PG,SG",DEN,70,26.4,0.478,4.2,8.7,0.8170000000000001,1.3,1.5,1.2,10.7,2.1,3.3,0.7,0.3,0.7
Kevin Love,"PF,C",CLE,30,22.2,0.406,3.6,9.0,0.848,1.5,1.8,2.0,10.8,6.6,2.2,0.5,0.1,1.3
Oshae Brissett,"SF,PF",IND,60,19.2,0.486,2.7,5.5,0.774,1.9,2.4,1.2,8.5,4.2,0.7,0.7,0.8,0.4
Alec Burks,"SG,SF",NYK,67,23.1,0.422,3.9,9.2,0.871,1.9,2.2,1.9,11.5,4.2,2.0,0.5,0.3,0.9
Josh Richardson,"SG,SF",BOS,68,24.8,0.428,3.8,8.8,0.947,1.4,1.5,1.3,10.2,2.8,2.2,0.8,0.3,1.1
Justin Holiday,"SG,SF",IND,78,27.1,0.414,3.2,7.8,0.755,0.8,1.1,2.1,9.4,3.1,1.5,0.9,0.5,0.7
Kelly Oubre Jr.,"SG,SF",CHA,74,26.2,0.439,4.9,11.2,0.688,1.9,2.7,1.4,13.1,5.1,1.1,0.9,0.7,1.1
Gary Trent Jr.,"SG,SF",TOR,70,31.1,0.408,5.3,13.0,0.7759999999999999,1.4,1.7,2.7,14.7,2.6,1.4,1.0,0.2,0.7
Nicolas Claxton,C,BKN,67,20.8,0.622,3.2,5.1,0.5,1.1,2.3,0.0,7.4,5.8,1.0,0.8,1.5,0.7
Cameron Johnson,"SF,PF",PHX,72,26.7,0.424,3.8,9.0,0.804,0.9,1.1,2.2,10.8,3.8,1.6,0.7,0.3,0.8
Taurean Prince,"SF,PF",MIN,70,23.1,0.399,3.3,8.3,0.843,1.7,2.0,1.6,9.8,3.6,2.0,0.7,0.6,1.1
Lonnie Walker IV,"SG,SF",SAS,74,28.1,0.434,5.8,13.3,0.835,1.1,1.3,2.2,14.8,2.9,1.9,0.6,0.3,1.2
Isaac Okoro,SG,CLE,76,34.1,0.436,4.2,9.7,0.736,2.0,2.7,1.2,11.7,3.6,2.2,1.1,0.5,1.5
Enes Kanter,C,BOS,60,18.4,0.602,3.3,5.4,0.7809999999999999,1.3,1.6,0.0,7.8,7.7,0.8,0.4,0.5,0.8
Blake Griffin,"PF,C",BKN,68,25.5,0.4270000000000001,3.8,8.8,0.7609999999999999,1.9,2.5,1.5,10.9,4.8,3.0,0.7,0.3,1.3
Maxi Kleber,"PF,C",DAL,70,26.1,0.418,2.2,5.3,0.861,0.7,0.8,1.7,6.8,5.0,1.4,0.5,0.7,0.6
Doug McDermott,"SF,PF",SAS,74,27.1,0.499,5.6,11.2,0.8009999999999999,1.3,1.7,1.7,14.2,3.7,1.4,0.3,0.1,0.9
Immanuel Quickley,PG,NYK,74,21.8,0.396,4.1,10.2,0.8909999999999999,2.7,3.0,2.0,12.8,2.4,2.3,0.6,0.2,1.0
James Wiseman,C,GSW,68,25.2,0.516,5.7,11.1,0.636,1.6,2.6,0.4,13.5,6.8,0.8,0.4,1.1,1.8
Trevor Ariza,"SG,SF",LAL,68,22.1,0.4370000000000001,2.9,6.6,0.79,1.0,1.2,1.4,8.1,4.0,1.5,0.8,0.5,0.6
Eric Gordon,"SG,SF",HOU,60,24.9,0.434,4.8,11.1,0.831,2.9,3.4,2.1,14.6,1.8,2.1,0.4,0.4,1.6
Delon Wright,"PG,SG",ATL,68,18.4,0.464,2.5,5.4,0.8029999999999999,1.1,1.3,0.7,6.8,2.9,2.9,1.1,0.3,0.9
Xavier Tillman,"PF,C",MEM,67,20.0,0.5489999999999999,3.0,5.5,0.6629999999999999,0.7,1.0,0.4,7.2,4.7,1.4,0.8,0.7,0.9
Kevin Huerter,"SG,SF",ATL,74,24.0,0.434,3.6,8.2,0.7859999999999999,0.6,0.7,1.6,9.3,2.6,2.7,0.9,0.2,0.9
Shake Milton,"PG,SG",PHI,71,23.6,0.453,4.9,10.7,0.82,2.3,2.8,1.1,13.2,2.3,3.1,0.6,0.3,1.6
Dwight Powell,"PF,C",DAL,68,18.2,0.637,2.3,3.6,0.8140000000000001,1.8,2.3,0.1,6.5,4.4,1.2,0.7,0.5,0.8
Naz Reid,C,MIN,76,18.0,0.518,4.0,7.7,0.665,1.5,2.2,0.8,10.5,4.3,0.9,0.5,1.0,0.9
Davis Bertans,"PF,C",WAS,65,23.2,0.405,3.1,7.6,0.9,1.6,1.8,2.7,10.3,2.7,0.8,0.5,0.2,0.5
Reggie Bullock,"SG,SF",DAL,74,25.7,0.442,3.3,7.4,0.8959999999999999,0.7,0.8,2.1,9.3,2.9,1.3,0.7,0.2,0.6
Bruce Brown,SG,BKN,74,20.1,0.5539999999999999,3.2,5.8,0.722,1.2,1.6,0.3,7.9,4.9,1.4,0.8,0.4,0.7
Kendrick Nunn,"PG,SG",LAL,74,20.1,0.483,3.9,8.0,0.907,0.7,0.8,1.5,10.0,2.2,1.8,0.7,0.2,1.0
Trey Murphy III,"SG,SF",NOP,72,22.4,0.436,3.2,7.4,0.85,0.9,1.0,1.8,9.1,2.3,1.2,0.8,0.4,0.9
Jeff Green,"SF,PF",DEN,70,26.4,0.487,3.7,7.6,0.748,1.8,2.3,1.5,10.7,3.8,1.6,0.5,0.4,0.8
Kenrich Williams,"SF,PF",OKC,60,20.7,0.532,3.2,5.9,0.594,0.6,1.0,0.8,7.7,3.9,2.2,0.9,0.3,1.2
Rudy Gay,"SF,PF",UTA,68,18.9,0.419,3.7,8.8,0.8140000000000001,1.1,1.4,1.5,10.0,4.2,1.2,0.6,0.5,0.9
Otto Porter Jr.,"SF,PF",GSW,60,20.4,0.4320000000000001,3.3,7.6,0.865,1.2,1.4,1.3,9.1,5.2,1.9,0.6,0.1,0.9
Luguentz Dort,"SG,SF",OKC,70,29.1,0.391,4.7,12.0,0.75,2.3,3.1,2.2,13.7,3.5,1.7,0.9,0.4,1.5
Wayne Ellington,"SG,SF",LAL,69,26.2,0.433,3.6,8.3,0.7559999999999999,0.7,0.9,2.8,10.7,2.2,1.7,0.5,0.2,0.8
Pat Connaughton,"SG,SF",MIL,71,22.5,0.429,2.4,5.5,0.831,0.5,0.6,1.5,6.7,4.7,1.2,0.7,0.3,0.5
KJ Martin Jr.,SF,HOU,62,20.1,0.507,3.1,6.0,0.6829999999999999,1.1,1.6,0.7,7.9,4.6,0.9,0.6,0.8,0.7
Gabe Vincent,PG,MIA,68,14.2,0.428,2.1,4.9,0.8,0.4,0.5,1.3,5.8,1.3,2.5,1.3,0.0,0.2
DeMarcus Cousins,"PF,C",FA,50,15.4,0.4320000000000001,2.8,6.6,0.701,1.2,1.8,1.1,7.9,5.7,1.7,0.7,0.5,1.4
Steven Adams,C,MEM,68,25.8,0.621,3.1,4.9,0.435,0.9,2.1,0.0,7.1,8.3,1.8,0.8,0.7,1.3
JaVale McGee,C,PHX,62,15.4,0.508,3.2,6.3,0.665,1.0,1.6,0.1,7.5,5.4,0.8,0.4,1.2,1.3
Jaxson Hayes,C,NOP,67,16.1,0.617,2.9,4.7,0.8,1.6,2.0,0.1,7.5,4.3,0.6,0.4,0.6,0.7
Davion Mitchell,SG,SAC,70,22.1,0.44,2.9,6.5,0.721,0.8,1.1,1.3,7.8,1.4,3.0,1.2,0.1,1.8
Jarred Vanderbilt,"PF,C",MIN,69,15.8,0.596,2.1,3.5,0.573,0.9,1.5,0.0,5.1,5.4,1.2,1.0,0.7,0.8
Payton Pritchard,PG,BOS,74,20.8,0.445,3.1,6.9,0.857,0.7,0.8,1.8,8.6,2.6,2.1,0.7,0.1,0.9
Scottie Barnes,SF,TOR,74,24.6,0.446,3.9,8.7,0.5870000000000001,0.7,1.2,0.4,8.9,4.1,2.9,1.1,0.4,1.8
Cody Zeller,C,POR,68,18.2,0.5589999999999999,3.3,5.9,0.7190000000000001,1.6,2.2,0.1,8.2,5.9,1.6,0.5,0.4,0.9
Raul Neto,PG,WAS,63,18.4,0.472,2.8,5.9,0.917,1.0,1.1,0.8,7.3,2.0,1.9,0.9,0.1,0.7
Tony Bradley,C,CHI,72,15.1,0.66,2.9,4.3,0.6920000000000001,0.8,1.2,0.0,6.5,5.3,0.8,0.4,0.7,0.7
Tomas Satoransky,"PG,SG",NOP,70,19.4,0.509,2.5,4.9,0.858,1.0,1.2,0.6,6.6,2.1,4.0,0.6,0.2,1.5
Kentavious Caldwell-Pope,"PG,SG",WAS,64,22.4,0.439,2.6,5.9,0.8809999999999999,1.2,1.3,1.4,7.7,2.1,1.5,0.7,0.3,0.8
Alex Caruso,"PG,SG",CHI,70,21.7,0.434,2.4,5.5,0.619,0.8,1.3,1.0,6.6,3.0,2.9,1.1,0.3,1.3
Kevon Looney,"PF,C",GSW,69,22.4,0.563,2.1,3.8,0.6559999999999999,0.6,0.9,0.1,4.9,6.2,2.2,0.5,0.5,0.7
Deni Avdija,"SG,SF",WAS,68,25.1,0.421,3.2,7.6,0.684,0.7,1.0,1.1,8.1,5.2,2.1,0.7,0.3,0.7
Juan Toscano-Anderson,"SF,PF",GSW,64,16.1,0.542,1.9,3.5,0.733,0.3,0.5,0.6,4.7,3.6,2.3,0.7,0.4,1.0
Dwight Howard,C,LAL,74,19.5,0.591,2.7,4.5,0.602,1.9,3.1,0.1,7.3,8.7,0.9,0.4,0.9,1.6
Ty Jerome,"PG,SG",OKC,51,19.2,0.448,3.1,7.0,0.8,0.6,0.8,1.8,8.6,2.3,3.0,0.5,0.2,1.1
Furkan Korkmaz,"SG,SF",PHI,71,20.5,0.402,3.3,8.2,0.736,1.2,1.6,1.9,9.7,2.2,1.6,1.0,0.2,0.9
Cedi Osman,"SF,PF",CLE,72,24.1,0.374,3.5,9.3,0.812,1.2,1.5,1.6,9.7,3.2,2.7,0.8,0.2,1.3
Patty Mills,PG,BKN,76,22.4,0.422,3.4,8.1,0.833,0.9,1.1,2.5,10.3,1.5,2.2,0.5,0.0,0.9
Paul Millsap,"PF,C",BKN,58,14.9,0.477,2.7,5.7,0.821,1.5,1.8,0.7,7.6,3.8,1.1,0.6,0.4,0.9
Malachi Flynn,PG,TOR,74,19.9,0.417,3.3,7.9,0.802,1.0,1.2,1.2,8.7,2.5,2.9,0.8,0.1,0.9
Franz Wagner,"SG,SF",ORL,70,21.4,0.456,3.0,6.5,0.785,0.8,1.1,1.0,7.8,2.9,1.6,0.7,0.4,1.1
Dewayne Dedmon,C,MIA,68,16.0,0.589,2.3,3.9,0.769,1.2,1.6,0.1,6.0,5.1,0.8,0.6,0.4,0.8
Jordan McLaughlin,PG,MIN,64,18.1,0.417,2.0,4.7,0.831,0.5,0.6,0.7,4.9,2.1,3.7,1.0,0.1,1.0
Darius Bazley,"SF,PF",OKC,70,30.0,0.397,4.8,12.1,0.718,2.2,3.1,1.4,13.2,6.9,1.7,0.5,0.5,2.1
Cory Joseph,PG,DET,68,18.9,0.47,2.6,5.6,0.7829999999999999,0.9,1.2,0.6,6.7,2.1,2.8,0.8,0.3,1.0
Carmelo Anthony,"SF,PF",LAL,72,20.5,0.417,3.5,8.3,0.87,1.5,1.7,1.4,9.8,2.3,1.1,0.5,0.4,0.7
Chris Duarte,SG,IND,68,18.2,0.445,2.6,5.7,0.8109999999999999,0.9,1.1,1.4,7.4,2.4,1.4,0.8,0.3,1.9
Cam Reddish,"SG,SF",ATL,68,22.1,0.393,2.8,7.1,0.821,2.0,2.4,1.0,8.6,3.0,1.0,1.0,0.2,1.0
Kira Lewis Jr,PG,NOP,69,21.1,0.386,3.0,7.8,0.885,1.0,1.1,0.9,8.0,1.6,2.9,0.9,0.3,0.8
Theo Maledon,PG,OKC,69,25.4,0.383,3.2,8.5,0.769,1.5,2.0,1.5,9.5,3.1,3.2,0.7,0.2,2.0
Onyeka Okongwu,"PF,C",ATL,20,14.1,0.632,2.2,3.5,0.636,0.8,1.3,0.0,5.4,3.9,0.5,0.6,0.8,0.7
Tre Mann,SG,OKC,68,18.4,0.419,3.3,7.9,0.809,0.9,1.1,1.3,8.8,3.1,2.0,0.8,0.1,1.8
Malik Monk,"PG,SG",LAL,69,20.4,0.4320000000000001,3.7,8.6,0.818,1.3,1.5,1.8,10.5,2.2,1.9,0.5,0.1,1.2
Anfernee Simons,"PG,SG",POR,73,21.3,0.412,3.2,7.8,0.775,0.9,1.1,2.3,9.6,2.7,1.7,0.4,0.1,0.9
JaMychal Green,"PF,C",DEN,70,17.1,0.462,2.7,5.8,0.7979999999999999,0.7,0.9,1.2,7.2,4.3,0.8,0.4,0.4,0.8
Jonathan Kuminga,"SF,PF",GSW,69,20.4,0.425,3.5,8.1,0.64,0.7,1.1,0.8,8.4,3.8,1.1,0.8,0.6,1.5
Khyri Thomas,SG,HOU,26,12.4,0.45,2.4,5.4,0.753,0.7,1.0,0.7,6.3,1.5,2.0,0.7,0.5,0.5
Patrick Beverley,"PG,SG",MIN,60,16.1,0.415,1.8,4.3,0.835,0.7,0.9,1.1,5.3,2.3,1.5,0.6,0.6,0.6
Luke Kennard,"SG,SF",LAC,66,20.5,0.47,3.2,6.9,0.8079999999999999,0.4,0.5,1.7,8.6,2.7,1.8,0.3,0.1,0.8
Austin Rivers,"PG,SG",DEN,68,23.1,0.426,2.8,6.7,0.67,0.6,0.9,1.5,7.7,2.3,2.3,0.8,0.1,1.0
Hassan Whiteside,"PF,C",UTA,72,16.8,0.563,3.5,6.2,0.502,1.1,2.2,0.0,8.0,5.9,0.6,0.3,1.3,1.1
Tyrese Maxey,"PG,SG",PHI,70,17.8,0.471,3.8,8.0,0.833,1.2,1.4,0.6,9.2,2.0,2.3,0.5,0.2,0.8
P.J. Tucker,"PF,C",MIA,77,27.1,0.382,1.4,3.5,0.8079999999999999,0.4,0.5,0.8,3.8,4.1,1.3,0.7,0.4,0.8
Goga Bitadze,C,IND,54,12.5,0.4320000000000001,1.9,4.3,0.71,1.0,1.4,0.5,5.2,3.4,0.8,0.2,1.4,0.4
Taj Gibson,"PF,C",NYK,30,13.8,0.629,1.5,2.3,0.75,0.6,0.8,0.1,3.6,3.7,0.5,0.5,0.7,0.3
Ish Smith,PG,CHA,71,17.4,0.446,3.1,6.9,0.6970000000000001,0.6,0.9,0.6,7.4,2.2,3.4,0.6,0.3,1.0
Grayson Allen,"SG,SF",MIL,60,16.4,0.422,2.3,5.4,0.889,1.0,1.2,1.4,6.9,2.1,1.4,0.6,0.1,0.7
Lou Williams,"PG,SG",ATL,50,17.4,0.408,3.2,7.9,0.885,1.9,2.1,0.9,9.1,1.7,2.7,0.6,0.1,1.3
Obi Toppin,"SF,PF",NYK,73,18.1,0.501,2.8,5.6,0.742,0.5,0.7,0.7,6.8,3.6,0.8,0.5,0.3,0.7
D.J. Augustin,PG,HOU,68,18.5,0.4,2.2,5.6,0.88,1.4,1.6,1.4,7.2,1.6,3.1,0.5,0.0,1.0
Mike Muscala,"PF,C",OKC,52,15.8,0.447,2.9,6.5,0.894,0.8,0.9,1.6,8.2,3.2,0.7,0.2,0.3,0.5
Kent Bazemore,"SG,SF",LAL,46,17.1,0.444,2.0,4.5,0.768,0.9,1.1,0.9,5.7,2.6,0.9,0.7,0.5,0.9
Josh Jackson,"SG,SF",DET,60,18.2,0.421,3.4,8.1,0.74,1.9,2.5,0.9,9.6,2.9,1.6,0.6,0.6,1.6
Landry Shamet,"PG,SG",PHX,70,20.2,0.413,2.7,6.6,0.851,1.0,1.1,1.8,8.2,1.6,1.4,0.4,0.2,0.7
Naji Marshall,SF,NOP,56,15.9,0.408,1.8,4.5,0.738,1.4,1.9,0.7,5.8,3.8,2.3,0.7,0.2,1.0
Rajon Rondo,PG,LAL,40,12.4,0.438,2.1,4.8,0.667,0.4,0.6,0.8,5.4,2.4,3.5,0.7,0.1,1.7
David Nwaba,"SG,SF",HOU,50,16.3,0.485,2.5,5.2,0.695,1.1,1.6,0.4,6.6,2.8,0.7,0.7,0.5,0.4
George Hill,"PG,SG",MIL,70,17.8,0.485,2.5,5.2,0.763,1.0,1.4,0.8,6.9,1.6,1.9,0.6,0.2,0.8
Tyus Jones,PG,MEM,70,14.0,0.424,2.0,4.7,1.0,0.5,0.5,0.5,5.0,1.6,2.9,0.7,0.1,0.6
Josh Okogie,"SG,SF",MIN,68,19.2,0.401,1.6,4.0,0.7759999999999999,1.3,1.7,0.5,5.0,2.6,1.0,0.9,0.5,0.7
Aaron Nesmith,"SG,SF",BOS,66,19.1,0.444,2.3,5.3,0.8,0.7,0.9,1.2,6.6,3.8,0.7,0.4,0.3,0.7
Hamidou Diallo,"SG,SF",DET,70,20.8,0.477,3.8,7.9,0.64,2.2,3.4,0.4,10.2,4.6,1.7,0.7,0.4,1.3
Moe Harkless,"SF,PF",SAC,70,19.1,0.423,1.7,4.1,0.752,0.8,1.1,0.6,4.7,2.2,1.1,0.7,0.6,0.6
R.J. Hampton,PG,ORL,64,22.8,0.446,3.5,7.8,0.6829999999999999,1.4,2.0,0.6,9.0,4.5,2.1,0.5,0.2,1.4
Torrey Craig,"SG,SF",IND,62,13.1,0.489,1.8,3.7,0.727,0.2,0.3,0.7,4.5,3.2,0.8,0.5,0.4,0.4
Isaiah Hartenstein,PF,FA,50,12.1,0.541,2.0,3.6,0.662,1.0,1.5,0.0,5.0,3.8,1.2,0.4,0.8,1.0
Gorgui Dieng,"PF,C",ATL,44,10.4,0.513,1.6,3.0,0.835,1.1,1.3,0.6,4.8,2.6,0.9,0.5,0.3,0.6
Jeff Teague,"PG,SG",MIL,70,16.5,0.423,2.1,5.0,0.845,1.5,1.8,0.7,6.4,1.5,2.3,0.6,0.2,1.1
Moses Moody,SF,GSW,65,17.8,0.406,2.9,7.1,0.805,1.0,1.2,1.1,7.9,2.4,1.1,0.6,0.3,0.9
Alex Len,"PF,C",SAC,36,13.2,0.626,2.3,3.7,0.61,0.9,1.5,0.1,5.7,3.4,0.7,0.3,0.9,0.8
Terence Davis,"SG,SF",SAC,61,14.6,0.426,2.6,6.2,0.784,0.6,0.7,1.3,7.2,2.1,1.2,0.6,0.2,0.8
Markieff Morris,"PF,C",MIA,74,19.4,0.403,2.5,6.1,0.747,0.6,0.8,1.1,6.6,4.3,1.2,0.4,0.3,0.9
Saben Lee,PG,DET,40,15.4,0.476,2.0,4.2,0.6829999999999999,1.2,1.8,0.2,5.3,1.9,3.4,0.7,0.3,1.0
Nassir Little,SF,POR,68,17.2,0.457,2.1,4.5,0.888,1.0,1.2,0.8,6.0,3.5,0.7,0.1,0.4,0.5
Precious Achiuwa,"SF,PF",TOR,68,18.5,0.541,3.3,6.1,0.544,1.5,2.7,0.0,8.0,5.6,0.8,0.5,0.8,1.2
Derrick Jones Jr.,"SG,SF",CHI,70,18.1,0.479,2.0,4.1,0.627,0.8,1.3,0.6,5.3,2.8,0.6,0.5,0.7,0.5
Andre Iguodala,"SG,SF",GSW,30,13.6,0.431,1.2,2.7,0.667,0.2,0.3,0.5,3.0,2.4,1.6,0.5,0.7,0.9
Bismack Biyombo,C,FA,68,19.4,0.594,2.1,3.5,0.4370000000000001,0.7,1.5,0.0,4.7,5.0,1.1,0.3,1.0,1.0
Willie Cauley-Stein,"PF,C",DAL,61,14.2,0.649,1.8,2.8,0.6,0.8,1.3,0.0,4.4,3.7,0.6,0.3,0.7,0.4
James Bouknight,SG,CHA,68,17.2,0.453,2.8,6.2,0.695,0.9,1.3,1.1,7.6,3.1,0.4,0.7,0.1,1.5
Max Strus,SG,MIA,55,16.7,0.459,2.8,6.2,0.662,0.5,0.8,1.7,7.8,1.4,0.8,0.4,0.1,0.3
JJ Redick,SG,FA,60,17.1,0.394,2.5,6.3,0.919,1.1,1.2,1.6,7.7,1.6,1.2,0.3,0.1,0.8
Nemanja Bjelica,PF,GSW,47,14.4,0.473,2.3,4.9,0.7809999999999999,0.9,1.1,0.6,6.1,3.0,1.7,0.4,0.1,0.8
Moses Brown,C,DAL,50,12.4,0.54,2.0,3.7,0.619,1.0,1.7,0.0,5.0,5.2,0.1,0.4,0.6,0.6
Eric Paschall,"PF,C",UTA,68,17.9,0.493,3.8,7.7,0.71,1.7,2.5,0.5,9.7,3.3,1.3,0.3,0.2,1.1
Moritz Wagner,"PF,C",ORL,30,12.2,0.451,1.7,3.9,0.84,1.2,1.4,0.5,5.2,2.4,0.8,0.5,0.3,0.8
Denzel Valentine,"SG,SF",CHI,64,15.9,0.374,2.4,6.3,1.0,0.3,0.3,1.2,6.2,3.0,1.6,0.5,0.1,0.7
Robin Lopez,C,ORL,34,13.2,0.634,2.6,4.2,0.74,1.0,1.3,0.1,6.3,2.6,0.6,0.1,0.4,0.8
DeAndre Jordan,C,LAL,48,12.2,0.7509999999999999,1.8,2.4,0.5,0.4,0.9,0.0,4.1,4.1,0.9,0.2,0.6,0.8
Sterling Brown,"SG,SF",DAL,50,13.8,0.426,2.0,4.7,0.76,0.6,0.8,0.8,5.3,3.3,1.0,0.6,0.1,0.8
Trey Burke,PG,DAL,68,14.7,0.42,2.4,5.7,0.888,0.8,0.9,0.9,6.4,0.9,1.3,0.6,0.1,0.5
Jalen McDaniels,"PF,C",CHA,44,14.4,0.467,2.2,4.7,0.718,0.8,1.1,0.6,5.7,2.8,0.9,0.5,0.3,0.8
Frank Kaminsky,C,PHX,50,13.7,0.474,2.3,4.9,0.621,0.7,1.2,0.6,5.9,3.6,1.5,0.3,0.4,0.5
Tony Snell,"SG,SF",POR,62,17.1,0.527,1.5,2.9,1.0,0.2,0.2,1.1,4.3,2.0,1.1,0.2,0.2,0.3
Dean Wade,"PF,C",CLE,55,15.4,0.428,1.6,3.8,0.83,0.4,0.5,0.9,4.6,2.7,0.9,0.4,0.2,0.4
Abdel Nader,"SF,PF",PHX,64,15.1,0.483,2.1,4.3,0.746,0.9,1.1,0.9,5.9,1.8,0.7,0.4,0.4,0.8
Tristan Thompson,"PF,C",SAC,71,17.7,0.518,2.3,4.4,0.589,1.0,1.6,0.0,5.6,6.0,0.9,0.3,0.4,0.8
Ziaire Williams,SF,MEM,64,17.8,0.412,3.0,7.3,0.78,0.7,0.9,0.8,7.5,2.2,1.0,0.6,0.2,1.1
Yogi Ferrell,"PG,SG",LAC,30,11.0,0.397,1.6,4.0,0.778,0.6,0.7,0.7,4.5,1.5,1.8,0.6,0.2,0.2
Boban Marjanovic,C,DAL,44,10.1,0.513,2.3,4.6,0.81,1.1,1.4,0.0,5.8,4.8,0.4,0.1,0.3,0.5
Aron Baynes,C,FA,20,16.0,0.439,2.2,4.9,0.754,0.5,0.7,0.4,5.3,4.5,0.8,0.3,0.3,0.8
Paul Reed,SF,PHI,40,7.4,0.534,1.7,3.2,0.6559999999999999,0.2,0.3,0.0,3.7,2.5,0.5,0.4,0.5,0.5
Freddie Gillespie,SF,TOR,18,11.1,0.514,1.9,3.7,0.708,0.9,1.2,0.0,4.7,2.9,0.2,0.4,0.6,0.4
Drew Eubanks,"PF,C",SAS,30,10.0,0.563,1.6,2.9,0.753,0.7,1.0,0.0,4.0,3.2,0.6,0.2,0.7,0.8
Jaylen Nowell,SG,MIN,40,13.2,0.424,2.4,5.8,0.8490000000000001,0.8,0.9,0.9,6.5,1.7,1.1,0.4,0.2,0.5
Chimezie Metu,PF,SAC,45,11.0,0.5,2.0,4.0,0.753,0.7,1.0,0.3,5.1,2.5,0.7,0.3,0.4,0.7
Bryn Forbes,"PG,SG",SAS,68,16.1,0.425,2.4,5.7,0.843,0.8,0.9,1.5,7.1,1.3,1.1,0.3,0.0,0.6
DeAndre' Bembry,"SF,PF",BKN,10,12.1,0.511,1.5,2.8,0.695,0.6,0.8,0.2,3.7,1.8,1.3,0.6,0.3,0.9
PJ Dozier,"PG,SG",DEN,60,17.1,0.422,2.4,5.6,0.618,0.6,1.0,0.7,6.0,2.8,1.4,0.5,0.3,0.7
Gary Harris,"SG,SF",ORL,60,22.2,0.381,3.2,8.3,0.794,1.3,1.6,1.1,8.6,1.1,1.6,0.6,0.2,1.0
Damion Lee,"SG,SF",GSW,40,11.4,0.479,1.4,2.9,0.875,0.4,0.5,0.8,3.9,1.9,0.8,0.4,0.1,0.3
Kai Jones,C,CHA,30,15.1,0.5479999999999999,1.9,3.4,0.5770000000000001,0.5,0.8,0.1,4.3,2.6,0.1,0.4,0.7,0.8
Aaron Holiday,PG,WAS,30,14.2,0.414,1.5,3.5,0.8029999999999999,0.5,0.6,0.6,4.0,1.2,1.9,0.5,0.2,1.0
Willy Hernangomez,C,NOP,40,10.2,0.56,1.8,3.2,0.655,0.7,1.1,0.0,4.4,4.0,0.6,0.3,0.3,0.4
Bones Hyland,"PG,SG",DEN,30,15.0,0.413,2.1,5.1,0.718,0.5,0.7,1.2,5.9,1.4,0.8,0.6,0.1,1.1
Killian Tillie,C,MEM,30,12.0,0.403,1.3,3.3,0.797,0.6,0.7,0.7,3.9,1.6,0.5,0.4,0.5,0.1
Timothe Luwawu-Cabarrot,"SG,SF",FA,62,15.2,0.361,1.8,5.1,0.862,0.5,0.6,1.1,5.4,1.8,1.0,0.5,0.1,0.6
Ben McLemore,"SG,SF",POR,58,16.1,0.377,2.5,6.5,0.7020000000000001,0.7,0.9,1.7,7.3,1.8,0.7,0.4,0.2,0.8
Dario Saric,"PF,C",PHX,5,10.2,0.456,1.8,3.9,0.858,1.0,1.1,0.5,5.0,2.2,0.7,0.3,0.1,0.6
Cody Martin,"SG,SF",CHA,47,10.4,0.379,1.1,2.9,0.667,0.8,1.2,0.6,3.6,2.7,1.0,0.6,0.2,0.7
Danuel House Jr.,"SF,PF",HOU,56,17.1,0.408,2.0,5.0,0.61,0.7,1.2,1.0,5.8,2.4,1.3,0.4,0.3,0.7
Tyler Johnson,"PG,SG",BKN,40,14.4,0.403,1.6,3.9,1.0,0.4,0.4,1.0,4.4,1.6,1.0,0.3,0.0,0.3
Jevon Carter,PG,BKN,20,8.8,0.423,1.0,2.5,0.8059999999999999,0.3,0.3,0.7,3.0,1.2,0.9,0.5,0.2,0.3
Michael Carter-Williams,"PG,SG",ORL,22,15.1,0.391,2.2,5.7,0.614,1.1,1.7,0.3,5.8,3.0,2.7,0.5,0.3,1.4
Justise Winslow,PF,LAC,68,20.1,0.358,3.0,8.4,0.569,0.8,1.4,0.4,7.0,4.6,2.0,0.6,0.4,1.4
Grant Williams,"SF,PF",BOS,60,12.8,0.435,1.3,3.0,0.629,0.4,0.6,0.6,3.6,2.2,0.8,0.4,0.3,0.7
Grant Riller,PG,FA,24,7.4,0.647,2.1,3.2,0.0,0.0,0.0,0.6,4.9,0.2,0.8,0.2,0.0,0.2
Rodney Hood,"SG,SF",MIL,60,21.1,0.362,2.1,5.8,0.8029999999999999,0.5,0.6,0.7,5.5,2.3,1.2,0.5,0.1,0.9
Troy Brown Jr.,"SG,SF",CHI,54,14.5,0.4270000000000001,1.7,3.9,0.6609999999999999,0.4,0.6,0.7,4.4,2.9,0.8,0.3,0.2,0.6
Dylan Windler,SF,CLE,30,10.1,0.428,1.1,2.6,0.782,0.4,0.6,0.5,3.2,2.1,0.7,0.4,0.2,0.6
Elfrid Payton,PG,PHX,40,14.2,0.439,2.6,5.9,0.706,0.7,1.0,0.2,6.1,2.0,1.9,0.4,0.1,1.0
Edmond Sumner,"PG,SG",IND,38,9.2,0.528,1.6,3.0,0.8109999999999999,0.7,0.9,0.4,4.2,1.0,0.5,0.3,0.1,0.6
Jarrett Culver,"PG,SG",MEM,30,13.1,0.409,1.9,4.7,0.647,0.9,1.3,0.4,5.1,3.0,0.7,0.5,0.3,0.8
Garrett Temple,"PG,SG",NOP,40,12.4,0.411,1.3,3.1,0.78,0.3,0.4,0.6,3.5,1.3,1.0,0.4,0.2,0.5
Yuta Watanabe,"SF,PF",TOR,20,9.0,0.455,1.4,3.0,0.7829999999999999,0.5,0.7,0.3,3.7,1.9,0.5,0.3,0.2,0.2
Corey Kispert,"SG,SF",WAS,44,12.4,0.424,2.1,5.0,0.804,0.5,0.6,1.1,5.8,1.4,0.5,0.2,0.1,0.9
Tre Jones,PG,SAS,60,10.1,0.474,1.4,2.9,1.0,0.7,0.7,0.1,3.5,0.8,1.5,0.3,0.0,0.6
Leandro Bolmaro,SF,MIN,30,10.0,0.434,1.4,3.1,0.802,0.7,0.8,0.4,3.8,1.1,1.5,0.4,0.1,1.4
Jalen Johnson,SF,ATL,20,10.1,0.453,1.1,2.5,0.652,0.5,0.7,0.1,2.8,2.8,0.4,0.3,0.4,0.8
Jahlil Okafor,C,BKN,8,10.4,0.621,1.9,3.0,0.6579999999999999,0.5,0.7,0.1,4.3,1.9,0.4,0.2,0.2,0.6
Jock Landale,C,SAS,40,10.1,0.474,1.9,4.0,0.725,0.5,0.7,0.1,4.4,2.6,0.7,0.2,0.2,0.8
Marko Simonovic,C,CHI,30,10.0,0.459,1.5,3.2,0.782,0.7,0.9,0.3,3.9,2.2,0.4,0.2,0.2,0.7
Miye Oni,SG,UTA,34,10.0,0.374,1.1,2.9,0.804,0.4,0.5,0.6,3.2,1.6,0.4,0.4,0.2,0.4
James Johnson,"PF,C",BKN,30,10.5,0.452,1.2,2.7,0.623,0.4,0.6,0.2,3.0,1.7,0.7,0.3,0.3,0.4
Cameron Thomas,SG,BKN,62,16.8,0.411,2.7,6.5,0.838,0.7,0.8,1.0,7.0,1.1,0.4,0.2,0.1,1.1
Solomon Hill,"SG,SF",ATL,40,12.5,0.359,0.9,2.5,0.7070000000000001,0.3,0.4,0.6,2.6,1.8,0.6,0.4,0.1,0.4
Zach Collins,"PF,C",SAS,10,10.0,0.468,1.1,2.4,0.7040000000000001,0.2,0.3,0.2,2.6,2.4,0.6,0.2,0.2,0.5
Semi Ojeleye,"SF,PF",MIL,58,14.0,0.401,1.3,3.3,0.6729999999999999,0.3,0.5,0.8,3.8,2.1,0.6,0.3,0.0,0.3
Lamar Stevens,SF,CLE,30,10.1,0.469,1.3,2.7,0.6920000000000001,0.7,1.0,0.1,3.3,1.9,0.5,0.3,0.2,0.5
Jake Layman,"SF,PF",MIN,10,10.0,0.448,1.6,3.6,0.703,0.5,0.6,0.5,4.1,1.1,0.3,0.3,0.2,0.5
KZ Okpala,SF,MIA,57,14.1,0.386,1.2,3.0,0.489,0.2,0.5,0.4,2.9,2.1,0.6,0.4,0.4,0.5
Jaden Springer,SG,PHI,28,11.0,0.418,1.4,3.3,0.804,0.8,1.0,0.2,3.8,1.4,1.0,0.3,0.1,1.0
Anthony Tolliver,"SF,PF",PHI,40,12.5,0.252,0.6,2.2,0.831,0.7,0.8,0.6,2.1,1.3,0.3,0.4,0.3,0.4
Jared Butler,SG,UTA,30,10.0,0.417,1.0,2.4,0.75,0.3,0.4,0.7,3.0,1.0,1.0,0.3,0.0,0.9
Bol Bol,"PF,C",DEN,30,8.1,0.444,1.3,2.9,0.608,0.5,0.8,0.5,3.5,1.3,0.3,0.2,0.5,0.6
Keon Johnson,SF,LAC,20,10.0,0.413,1.6,3.8,0.6779999999999999,0.6,0.9,0.3,4.1,1.8,1.1,0.3,0.1,1.0
Josh Green,"SG,SF",DAL,58,12.1,0.459,1.2,2.6,0.5,0.3,0.6,0.1,2.8,2.1,0.7,0.4,0.1,0.4
Trey Lyles,"PF,C",DET,30,8.0,0.455,1.0,2.2,0.7140000000000001,0.3,0.4,0.2,2.5,2.5,0.3,0.1,0.1,0.2
Rondae Hollis-Jefferson,"SF,PF",FA,40,11.1,0.503,0.9,1.8,0.535,0.9,1.7,0.0,2.9,2.8,1.4,0.2,0.5,0.2
Juancho Hernangomez,"PF,C",MEM,10,8.1,0.4320000000000001,1.5,3.4,0.627,0.7,1.1,0.6,4.2,2.3,0.4,0.2,0.1,0.3
Sekou Doumbouya,"SF,PF",BKN,20,8.0,0.446,1.3,2.9,0.7190000000000001,0.5,0.6,0.3,3.3,1.5,0.5,0.2,0.1,0.5
Damyean Dotson,SG,CLE,40,12.4,0.406,1.6,4.0,0.62,0.3,0.5,0.6,4.2,1.3,1.3,0.2,0.1,0.6
Miles McBride,PG,NYK,22,10.0,0.419,1.1,2.7,0.755,0.4,0.5,0.2,2.8,1.1,0.9,0.3,0.1,0.7
Wes Iwundu,"SG,SF",CHA,20,8.4,0.421,0.8,2.0,0.825,0.7,0.8,0.2,2.5,1.1,0.5,0.2,0.1,0.2
Luka Samanic,PF,SAS,45,10.2,0.438,1.5,3.5,0.551,0.5,1.0,0.4,4.0,2.3,0.5,0.2,0.2,0.7
Bruno Fernando,C,BOS,12,8.1,0.498,1.1,2.3,0.544,0.3,0.6,0.1,2.7,2.2,0.6,0.2,0.2,0.5
Usman Garuba,PF,HOU,50,14.8,0.402,1.3,3.1,0.446,0.3,0.7,0.2,3.0,2.6,0.4,0.4,0.2,0.8
Kevin Knox II,"SF,PF",NYK,36,8.0,0.384,0.9,2.5,0.8059999999999999,0.3,0.4,0.6,2.8,1.1,0.4,0.2,0.1,0.3
Ayo Dosunmu,PG,CHI,10,10.0,0.438,1.2,2.7,0.745,0.4,0.5,0.2,3.0,1.3,0.8,0.2,0.0,0.6
Joshua Primo,SG,SAS,40,12.4,0.415,1.6,4.0,0.774,0.2,0.3,0.5,4.0,1.0,0.3,0.2,0.1,0.8
Sharife Cooper,PG,ATL,20,10.1,0.379,1.5,3.9,0.825,0.3,0.4,0.2,3.5,1.5,1.1,0.2,0.1,1.0
Romeo Langford,SG,BOS,20,12.1,0.362,0.9,2.5,0.722,0.4,0.5,0.2,2.4,1.5,0.5,0.2,0.2,0.5
Sam Dekker,"SF,PF",TOR,10,9.7,0.465,1.2,2.6,0.616,0.5,0.7,0.3,3.2,1.5,0.4,0.2,0.1,0.9
Kris Dunn,"PG,SG",BOS,30,8.2,0.101,0.4,3.8,0.802,1.0,1.3,0.0,1.8,1.9,0.6,0.6,0.6,1.0
Jalen Smith,PF,PHX,35,7.5,0.419,1.0,2.5,0.667,0.3,0.4,0.3,2.6,1.8,0.1,0.0,0.3,0.4
CJ Elleby,SF,POR,15,6.0,0.391,0.9,2.3,0.6,0.3,0.5,0.3,2.4,1.1,0.2,0.3,0.1,0.2
Frank Ntilikina,"PG,SG",FA,30,7.6,0.376,0.7,1.9,0.34,0.2,0.5,0.5,2.1,0.7,0.5,0.4,0.1,0.2
Vernon Carey Jr,C,CHA,10,6.2,0.476,1.0,2.1,0.62,0.3,0.5,0.1,2.4,1.3,0.2,0.1,0.2,0.3
